{
	"1": {
		"title": "6 Wild Swimming Spots in California, Beyond the Coast",
		"abstract": "The beach may beckon, but these freshwater swimming holes and hot springs show another side of the state: Granite canyons, emerald pools and ancient redwood groves.",
		"url": "https://www.nytimes.com/2024/05/31/travel/wild-swimming-freshwater-california.html",
		"byline": "By Dillon Seitchik-Reardon",
		"created_date": "2024-05-31",
		"imglink": "https://static01.nyt.com/images/2024/05/24/travel/oakImage-1716560555989/oakImage-1716560555989-superJumbo.jpg"
	},
	"2": {
		"title": "36 Hours in Porto, Portugal",
		"abstract": "Fall in love with the churches, seafood-heavy cuisine and UNESCO-listed streets of Portugal’s second-largest city.",
		"url": "https://www.nytimes.com/interactive/2024/05/30/travel/things-to-do-porto.html",
		"byline": "By Seth Sherwood",
		"created_date": "2024-05-30",
		"imglink": "https://static01.nyt.com/images/2024/05/30/multimedia/30Hours-Porto-lqkh/30Hours-Porto-lqkh-superJumbo-v3.jpg"
	},
	"3": {
		"title": "So Close to Sicily, So Far From the Crowds",
		"abstract": "Pantelleria is a seductive idyll of mud baths, romantic ruins and secluded swimming coves. It’s also rocky and wind-whipped, making it quieter than its big-sister island next door.",
		"url": "https://www.nytimes.com/2024/05/29/travel/pantelleria-italy-island.html",
		"byline": "By Amy Tara Koch and Paolo Pellegrin",
		"created_date": "2024-05-29",
		"imglink": "https://static01.nyt.com/images/2024/05/22/multimedia/00-pantelleria-sicily-ftkv/00-pantelleria-sicily-ftkv-superJumbo.jpg"
	},
	"4": {
		"title": "Savoring the Summer at 5 Waterside Hotels",
		"abstract": "Whether it’s by a lake or an ocean, or in a castle or a cottage, here are places where the water is never far.",
		"url": "https://www.nytimes.com/2024/05/26/travel/waterside-hotels-summer.html",
		"byline": "By Stephanie Rosenbloom",
		"created_date": "2024-05-26",
		"imglink": "https://static01.nyt.com/images/2024/05/21/travel/oakImage-1716318447270/oakImage-1716318447270-superJumbo.jpg"
	},
	"5": {
		"title": "6 Beaches for Budding Swimmers, Surfers and Castle Builders",
		"abstract": "For families with children, we found half a dozen beaches in the United States and Mexico, each tailored to a particular summer activity.",
		"url": "https://www.nytimes.com/2024/05/26/travel/best-kid-friendly-beach-families-us-mexico.html",
		"byline": "By Freda Moon",
		"created_date": "2024-05-26",
		"imglink": "https://static01.nyt.com/images/2024/05/22/multimedia/best-family-beaches-tgkb/best-family-beaches-tgkb-superJumbo.jpg"
	},
	"6": {
		"title": "Learning to Surf, 200 Miles From the Nearest Ocean",
		"abstract": "With consistent conditions, affordable prices and a friendly vibe, a wave pool in Waco, Texas, proved to be an ideal place for a beginner to find her footing.",
		"url": "https://www.nytimes.com/2024/05/26/travel/texas-waco-surf-pool.html",
		"byline": "By Nora Walsh",
		"created_date": "2024-05-26",
		"imglink": "https://static01.nyt.com/images/2024/05/20/realestate/00waco-surfling-still2/00waco-surfling-still2-superJumbo-v2.jpg"
	},
	"7": {
		"title": "From Waiter to Guest at Nantucket’s Grande Dame Hotel",
		"abstract": "A writer returns to a classic Massachusetts hotel, where he worked 50 years ago, to ponder how he, the island, and the newly refurbished inn, have changed.",
		"url": "https://www.nytimes.com/2024/05/26/travel/nantucket-white-elephant-hotel.html",
		"byline": "By Alexander Lobrano",
		"created_date": "2024-05-26",
		"imglink": "https://static01.nyt.com/images/2024/05/20/multimedia/00-nantucket-white-elephant-02-lqpk/00-nantucket-white-elephant-02-lqpk-superJumbo.jpg"
	},
	"8": {
		"title": "Sand, Sea and as Much Serenity as You Could Ever Want",
		"abstract": "The bluffs, dunes and lagoons of the Magdalens, a colorful yet tranquil island chain north of Prince Edward Island, are far from everywhere. That’s the point.",
		"url": "https://www.nytimes.com/2024/05/26/travel/magdalen-islands-quebec-canada.html",
		"byline": "By Richard Rubin",
		"created_date": "2024-05-26",
		"imglink": "https://static01.nyt.com/images/2023/09/07/multimedia/00Magdalen-qthc/00Magdalen-qthc-superJumbo.jpg"
	}
}